<?xml version="1.0" encoding="UTF-8" standalone="yes"?>
<addons>
<addon id="kodi-by-mel" name="kodi-by-mel repository" version="2.0" provider-name="Melvin">
	<extension point="mel repository" name="kodi-by-mel Add-on Repository">
		<info compressed="false">http://raw.github.com/mtorres1979/kodi-by-mel/master/addons.xml</info>
		<checksum>http://raw.github.com/mtorres1979/kodi-by-mel/master/addons.xml.md5</checksum>
		<datadir zip="true">http://raw.github.com/mtorres1979/kodi-by-mel/master/repo/</datadir>
	</extension>
	<extension point="xbmc.addon.metadata">
		<summary>kodi-by-mel Addon</summary>
		<description>Addon Description</description>
		<disclaimer></disclaimer>
		<platform>all</platform>
	</extension>
</addon>
</addons>
